,,メーカ,ヤマシタ,ヤマシタ,ヤマシタ,ヤマシタ,ヤマシタ,ヤマシタ,ヤマシタ,ヤマシタ,エコギア,クレイジーオーシャン,クレイジーオーシャン,クレイジーオーシャン,クレイジーオーシャン,クレイジーオーシャン,クレイジーオーシャン,クレイジーオーシャン,クレイジーオーシャン,クレイジーオーシャン,クレイジーオーシャン,クレイジーオーシャン,メジャークラフト,メジャークラフト,メジャークラフト,メジャークラフト,メジャークラフト,メジャークラフト,メジャークラフト,メジャークラフト,デュエル,デュエル,デュエル,デュエル,デュエル,ダイワ,ダイワ,ダイワ,ダイワ,ダイワ,ダイワ,ダイワ,ダイワ,ダイワ,ダイワ,ダイワ,ダイワ,ダイワ,ダイワ,ダイワ,バレーヒル,バレーヒル,バレーヒル,バレーヒル,バレーヒル,キザクラ,キザクラ,キザクラ,キザクラ,キザクラ,キザクラ,キザクラ,釣研,釣研,釣研,釣研,釣研,釣研,ジャッカル,ジャッカル,ジャッカル,ジャッカル,ジャッカル
,,形名,エギ王TRシンカー,エギ王TRシンカー,エギ王TRシンカー,エギ王TRシンカー,エギ王TRシンカー,エギ王TRシンカー,エギ王TRシンカー,エギ王TRシンカー,TRアップウエイト,オーシャンシンカーV,オーシャンシンカーV,オーシャンシンカーV,オーシャンシンカーV,オーシャンシンカーV,オーシャンシンカー,オーシャンシンカー,オーシャンシンカー,オーシャンシンカー,オーシャンシンカー,オーシャンシンカー,餌木蔵TRシンカー,餌木蔵TRシンカー,餌木蔵TRシンカー,餌木蔵TRシンカー,餌木蔵TRシンカー,餌木蔵TRシンカー,餌木蔵TRシンカー,餌木蔵TRシンカー,クイックTRシンカー,クイックTRシンカー,クイックTRシンカー,クイックTRシンカー,クイックTRシンカー,仮面シンカーボート3,仮面シンカーボート3,仮面シンカーボート3,仮面シンカーボート3,仮面シンカーボート3,仮面シンカーボート3,仮面シンカーボート3,仮面シンカーボートⅡ,仮面シンカーボートⅡ,仮面シンカーボートⅡ,仮面シンカーボートⅡ,仮面シンカーボートⅡ,仮面シンカーボートⅡ,仮面シンカーボートⅡ,仮面シンカーボートⅡ,ブリットシンカー,ブリットシンカー,ブリットシンカー,ブリットシンカー,ブリットシンカー,エギボー,エギボー,エギボー,エギボー,エギボー,エギボー,エギボー,エギスタTRシンカー,エギスタTRシンカー,エギスタTRシンカー,エギスタTRシンカー,エギスタTRシンカー,エギスタボートシンカー,ゲキダキTRシンカー,ゲキダキTRシンカー,ゲキダキTRシンカー,ゲキダキTRシンカー,ゲキダキTRシンカー
メーカ,形名,ウェイト,7g,10g,15g,20g,30g,40g,50g,60g,30g,7g,10g,15g,20g,30g,10g,20g,30g,40g,50g,60g,7g,10g,15g,20g,25g,30g,35g,40g,10g,15g,20g,30g,40g,7g,10g,15g,20g,25g,30g,40g,7g,10g,15g,20g,25g,30g,35g,40g,10g,15g,20g,30g,40g,7g,10g,15g,20g,25g,30g,40g,10g,20g,30g,40g,50g,7g,10g,20g,30g,40g,50g
ヤマシタ,エギ王TR 3.0号,21g,OK,OK,OK,OK,OK,OK,OK,OK,NG,OK,OK*5,OK*1,OK*5,OK,OK,OK,OK,OK,OK*2,NG,？,？,？,？,？,OK,？,？,OK,OK,OK*5,OK,OK,OK*1,OK*3,OK*3,NG,NG,NG,NG,？,？,OK*3,？,？,？,？,？,？,OK,OK,OK,OK,OK,OK,OK,OK,OK,OK,OK,OK*1,OK,OK,OK,OK,OK,OK,OK,OK,OK,OK
ヤマシタ,エギ王TR 3.5号,27g,OK,OK,OK,OK,OK,OK,OK,OK,NG,OK,OK,OK,OK,OK,OK,OK,OK,OK,OK*2,OK*2,？,？,？,？,？,OK,？,？,OK,OK,OK*5,OK,OK,OK*3,OK*1,OK*3,NG,OK*3,NG,NG,？,？,OK,？,？,？,？,？,？,OK,OK,OK,OK,OK,OK,OK,OK,OK,OK,OK,OK,OK,OK,OK,OK,OK,OK,OK,OK,OK,OK
エコギア,ダートマックス 2.5号,11g,NG,NG,NG,NG,NG,NG,NG,NG,OK*1,NG,NG*4,NG,NG*4,NG,NG,NG,NG,NG,NG,NG,？,？,？,？,？,NG,？,？,NG,NG,NG*4,NG,NG,NG,NG,NG,NG,NG,NG,NG,？,？,NG,？,？,？,？,？,？,OK*3,OK*3,OK*3,OK*3,NG,OK*3,NG,NG,NG*4,NG,NG,OK*3,OK*3,OK*3,OK*3,OK*3,NG,OK*3,OK*3,OK*3,OK*3,OK*3
エコギア,ダートマックス 3.0号,17g,NG,NG,NG,NG,NG,NG,NG,NG,OK*1,NG,NG*4,NG,？,OK*3,NG,NG,NG,OK*3,NG,NG,？,？,？,？,？,NG,？,？,NG,NG,NG,NG,NG,NG,NG,NG,NG,NG,NG,NG,？,？,NG,？,？,？,？,？,？,OK*3,OK*3,OK*3,OK*3,NG,NG,NG,NG,NG,NG,NG,OK*3,OK*1,OK*3,OK*3,OK*3,NG,OK*3,OK*3,OK*3,OK*3,OK*3
エコギア,ダートマックス 3.5号,19g,OK*3,OK*3,OK*3,OK*3,OK*3,OK*3,OK*3,OK*3,OK,OK*3,？,OK*3,？,OK*3,NG,NG,NG,OK*3,NG,NG,？,？,？,？,？,NG,？,？,OK*3,OK*3,OK*3,OK*3,OK*3,NG,NG,NG,NG,NG,NG,NG,？,？,NG,？,？,？,？,？,？,OK,OK,OK*3,OK*3,OK*3,NG,NG,NG,NG,NG,NG,OK*3,OK,OK*1,OK,OK,NG,OK,OK,OK,OK,OK
エコギア,ダートマックスTR 3.5号,30g,OK,OK,OK,OK,OK,OK,OK,OK,OK,OK,OK,OK,OK,OK,OK,OK,OK,OK,OK,OK,？,？,？,？,OK*1,OK*1,？,？,OK,OK,OK*5,OK,OK,OK*3,OK*3,OK*1,OK*3,OK*3,NG,NG,？,？,OK*1,？,？,？,？,？,OK*3,OK*3,OK*3,OK*3,OK*1,OK,OK,OK,OK,OK,OK,OK,OK,OK,OK,OK,OK,NG,OK,OK,OK,OK,OK
エコギア,ダートマックスTR 3.5号,40g,NG,NG,NG,NG,NG,NG,NG,NG,OK,OK,OK,OK,OK,OK,NG,NG,NG,NG,NG,NG,？,？,？,？,OK,OK,？,？,NG,NG,NG,NG,NG,OK*3,OK*1,OK,OK*1,OK,OK*1,OK*1,？,？,OK,？,？,？,？,？,NG,NG,NG,NG,NG,OK,OK,OK,OK,OK,OK,OK,NG,NG,NG,NG,NG,OK,NG,NG,NG,NG,NG
エコギア,ダートマックスTRZ 3.5号,30g,OK,OK,OK,OK,OK,OK,OK,OK,OK,OK,OK,OK,OK,OK,OK,OK,OK,OK,OK,OK,？,？,？,？,OK*1,OK*1,？,？,OK,OK,OK*5,OK,OK,OK*3,OK*1,OK*1,OK*3,OK*3,OK*3,NG,？,？,OK*1,？,？,？,？,？,OK*3,OK*3,OK*3,OK*3,OK*1,OK,OK,OK,OK,OK,OK,OK,OK,OK,OK,OK,OK,NG,OK,OK,OK,OK,OK
エコギア,ダートマックスTRZ 3.5号,40g,NG,NG,NG,NG,NG,NG,NG,NG,OK,OK,OK,OK,OK,OK,NG,NG,NG,NG,NG,NG,？,？,？,？,OK,OK,？,？,NG,NG,NG,NG,NG,OK*1,OK,OK,OK*1,OK,OK*1,OK*1,？,？,OK,？,？,？,？,？,NG,NG,NG,NG,OK,OK,OK,OK,OK,OK,OK,OK,NG,NG,NG,NG,NG,OK,NG,NG,NG,NG,NG
クレイジーオーシャン,ティップランナーチビ 2.5号,14g,OK,OK,OK,OK,OK,OK,OK,OK,OK,OK,OK,OK,OK,OK,OK,OK,OK,OK,OK,OK,？,？,？,？,？,OK*3,？,？,OK,OK,OK,OK,OK,OK*3,OK*3,OK*1,OK*1,OK*1,NG,NG,？,？,OK*3,？,？,？,？,？,？,OK,OK,OK,OK,OK,OK,OK,OK,OK,OK,OK,OK,OK,OK,OK,OK,NG,OK,OK,OK,OK,OK
クレイジーオーシャン,ティップランナー 3.0号,25g,OK,OK*1,OK*1,OK,OK,OK,OK,OK,NG,OK,OK,OK,OK,OK,OK,OK,OK,OK,OK,OK,？,？,？,？,？,OK*3,？,？,OK,OK,OK,OK,OK,OK*3,OK*1,OK*1,OK*1,OK*1,NG,NG,？,？,OK*3,？,？,？,？,？,？,OK,OK,OK,OK,OK,OK,OK,OK,OK,OK,OK,OK,OK,OK,OK,OK,NG,OK,OK,OK,OK,OK
クレイジーオーシャン,ティップランナー 3.5号,30g,OK,OK,OK,OK,OK,OK,OK,OK,OK,OK,OK,OK,OK,OK,OK,OK,OK,OK,OK,OK,？,？,？,？,？,OK*3,？,？,OK,OK,OK,OK,OK,OK*3,OK*1,OK*3,OK*1,OK*1,NG,NG,？,？,OK*3,？,？,？,？,？,？,OK,OK,OK,OK,OK,OK,OK,OK,OK,OK,OK,OK,OK,OK,OK,OK,OK,OK,OK,OK,OK,OK
メジャークラフト,ベイトフェザーTR 2.5号,20g,OK,OK,OK*2,OK*2,NG,NG,NG,NG,NG,OK*1,OK*5,OK*1,？,NG,OK,NG,NG,NG,NG,NG,OK,OK,OK,OK,OK,OK,OK,OK,OK,OK,OK,NG,NG,OK*1,OK*1,OK*1,OK,OK,OK,OK,？,？,OK,？,？,？,？,？,？,OK,OK,OK,OK*3,OK,OK,OK*3,OK*3,OK*3,OK*3,OK*3,OK,OK*3,OK*3,NG,NG,NG,OK,NG,NG,NG,NG
メジャークラフト,ベイトフェザーTR 3.0号,25g,？,？,？,？,？,？,？,？,？,？,？,？,？,？,？,？,？,？,？,？,OK,OK,OK,OK,OK,OK,OK,OK,？,？,？,？,？,？,？,？,？,？,？,？,？,？,？,？,？,？,？,？,？,？,？,？,？,OK,OK,OK,OK,OK,OK,OK,？,？,？,？,？,？,？,？,？,？,？
メジャークラフト,ベイトフェザーTR 3.5号,30g,OK,OK,OK,OK,OK,OK,OK,OK,OK,OK*1,OK*5,OK*1,OK*5,OK*1,OK,OK,OK,OK,OK,OK,OK,OK,OK,OK,OK,OK,OK,OK,OK,OK,OK,OK,OK,OK*1,OK*1,OK*1,OK*1,OK*1,OK*1,NG,？,？,OK*3,？,？,？,？,？,？,OK,OK,OK,OK,OK,OK,OK,OK,OK,OK,OK,OK,OK,OK,OK,OK,NG,OK,OK,OK,OK,OK
メジャークラフト,ベイトフェザーTR 3.5号,40g,？,？,？,？,？,？,？,？,？,？,？,？,？,？,？,？,？,？,？,？,OK,OK,OK,OK,OK,OK,OK,OK,？,？,？,？,？,？,？,？,？,？,？,？,？,？,？,？,？,？,？,？,？,？,？,？,？,？,？,？,？,？,？,？,？,？,？,？,？,？,？,？,？,？,？
メジャークラフト,エギゾー TR スマートフィット 3.5号,30g,OK,OK,OK,OK,OK,OK,OK,OK,OK,OK*1,OK*5,OK*1,OK*5,OK*1,OK,OK,OK,OK,OK,OK,？,？,？,？,OK,OK,？,？,OK,OK,OK,OK,OK,OK*1,OK*1,OK*1,OK*1,OK*1,OK*3,NG,？,？,OK*1,？,？,？,？,？,？,OK*1,OK*1,OK*1,OK*1,OK,OK,OK,OK,OK,OK,OK,OK,OK,OK,OK,OK,OK,OK,OK,OK,OK,OK
デュエル,イージーQフィンプラスTR 3.0,25g,OK*2,OK*2,NG,OK*2,NG,OK*2,NG,NG,OK,OK*1,OK*5,OK,OK*5,OK,NG,NG,NG,NG,NG,NG,？,？,？,？,？,OK,？,？,OK*2,OK*2,OK*2,NG,NG,OK*1,OK*1,OK*1,OK*1,OK*1,OK,OK*1,？,？,OK,？,？,？,？,？,？,OK,OK,OK,OK,OK,OK,OK,OK,OK,OK,OK,NG,NG,NG,NG,NG,NG,NG,NG,NG,　,NG
デュエル,イージーQフィンプラスTR 3.5,30g,NG,NG,NG,NG,NG,NG,NG,NG,OK,OK*1,OK*5,OK,OK*5,OK,NG,NG,NG,NG,NG,NG,？,？,？,？,OK,OK,？,？,NG,NG,OK*2,NG,NG,OK*1,OK*1,OK*1,OK*1,OK*1,OK*1,OK*1,？,？,OK*1,？,？,？,？,？,？,OK,OK,OK,OK,OK,OK,OK,OK,OK,OK,OK,NG,NG,NG,NG,NG,？,NG,NG,NG,NG,NG
デュエル,イージーQフィンプラスTR 3.5,40g,NG,NG,NG,NG,NG,NG,NG,NG,NG,OK,？,NG,？,OK*1,NG,NG,NG,NG,NG,NG,？,？,？,？,？,NG,？,？,NG,NG,NG,NG,NG,OK*1,OK,OK,OK,OK,OK,OK,？,？,OK,？,？,？,？,？,？,NG,NG,NG,NG,OK,OK,OK,OK,OK,OK,OK,OK*3,NG,NG,NG,NG,NG,NG,NG,NG,NG,NG
デュエル,Ebi Q TR 3.0号,23g,OK,OK,OK,OK,OK,OK,OK*2,OK*2,NG,OK*1,OK*5,OK*1,OK*5,OK*1,OK,OK,OK,OK,OK,OK,？,？,？,？,OK,OK,？,？,OK,OK,OK,OK,OK,OK*3,OK*1,OK*3,NG,OK*1,NG,NG,？,？,OK*1,？,？,？,？,？,？,OK,OK,OK,OK,OK,OK,OK,OK,OK,OK,OK,OK,OK,OK,OK,OK,NG,OK,OK,OK,OK,OK
デュエル,Ebi Q TR 3.5号,28g,OK,OK,OK,OK,OK,OK,OK,OK,OK,OK*1,OK*5,OK*1,OK*5,OK*1,OK,OK,OK,NG,OK,OK,？,？,？,？,OK,OK,？,？,OK,OK,OK,OK,OK,OK*1,OK*1,OK*3,NG,OK*1,NG,NG,？,？,OK*1,？,？,？,？,？,？,OK,OK,OK,OK,OK,OK,OK,OK,OK,OK,OK,OK,OK,OK,OK,OK,OK*1,OK,OK,OK,OK,OK
ダイワ,エメラルダス ボートⅡ 2.75,25g,NG,NG,NG,NG,NG,NG,NG,NG,NG,OK*1,OK*5,OK,OK*5,OK,NG,NG,NG,NG,NG,NG,？,？,？,？,OK*2,OK*2,？,？,NG,NG,NG,NG,NG,OK,OK,OK,OK,OK,OK,OK,？,？,OK,？,？,？,？,？,？,NG,NG,NG,NG,OK,OK,OK,NG,OK,OK,OK,NG,NG,NG,NG,NG,OK*3,NG,NG,NG,NG,NG
ダイワ,エメラルダス ボートⅡ 3.0,25g,NG,NG,NG,NG,NG,NG,NG,NG,NG,OK,OK*5,OK,OK*5,OK,NG,NG,NG,NG,NG,NG,？,？,？,？,？,？,？,？,OK*2,OK*2,OK*2,OK*2,OK*2,OK,OK,OK,OK,OK,OK,OK,OK,OK,OK,OK,OK,OK,OK,OK,？,NG,NG,NG,NG,OK,OK,OK,OK,OK,OK,OK,NG,NG,NG,NG,NG,OK,NG,NG,NG,NG,NG
ダイワ,エメラルダス ボートⅡ 3.0,35g,NG,NG,NG,NG,NG,NG,NG,NG,NG,NG,？,OK*3,？,NG,NG,NG,NG,NG,NG,NG,？,？,？,？,？,？,？,？,NG,NG,NG,NG,NG,NG,NG,OK,OK,OK,OK,OK,？,？,NG,？,？,？,？,？,？,NG,NG,NG,NG,NG,NG,NG,NG,NG,NG,NG,OK,OK,NG,NG,NG,OK*3,NG,NG,NG,NG,NG
ダイワ,エメラルダス ボートⅡ 3.25,30g,NG,NG,NG,NG,NG,NG,NG,NG,NG,OK,OK*5,OK*2,OK*5,OK,NG,NG,NG,NG,NG,NG,？,？,？,？,NG,NG,？,？,NG,NG,NG,NG,NG,OK,OK,OK,OK,OK,OK,OK,？,？,OK,？,？,？,？,？,？,NG,NG,NG,NG,OK,OK,OK,OK,OK,OK,OK,NG,NG,NG,NG,NG,OK,NG,NG,NG,NG,NG
ダイワ,エメラルダス ボートⅡ 3.5,30g,NG,NG,NG,NG,NG,NG,NG,NG,NG,OK,OK*5,OK,OK*5,OK,NG,NG,NG,NG,NG,NG,？,？,？,？,？,？,？,？,NG,NG,NG,NG,NG,OK,OK,OK,OK,OK,OK,OK,OK,OK,OK,OK,OK,OK,OK,OK,？,NG,NG,NG,NG,OK,OK*2,OK,OK,OK,OK,OK,NG,NG,NG,NG,NG,OK,NG,NG,NG,NG,NG
ダイワ,エメラルダス ボートⅡ 3.5,50g,NG,NG,NG,NG,NG,NG,NG,NG,NG,OK,？,NG,？,NG,NG,NG,NG,NG,NG,NG,？,？,？,？,？,？,？,？,NG,NG,NG,NG,NG,OK,OK,OK,OK,OK,OK,OK,OK,OK,OK,OK,OK,OK,OK,OK,？,NG,NG,NG,NG,OK*2,OK*2,NG,NG,OK,OK,OK,OK,NG,NG,NG,NG,OK,NG,NG,NG,NG,NG
ダイワ,エメラルダス ボートジョイント 3.0,25g,NG,NG,NG,NG,NG,NG,NG,NG,NG,OK*2,？,NG,？,NG,NG,NG,NG,NG,NG,NG,？,？,？,？,NG,NG,？,？,NG,NG,NG,NG,NG,OK,OK,OK,OK,OK,OK,OK,？,？,OK,？,？,？,？,？,？,NG,NG,NG,NG,NG,NG,NG,OK*2,NG,OK*2,OK*2,NG,NG,NG,NG,NG,NG,NG,NG,NG,NG,NG
ダイワ,エメラルダス ボートジョイント 3.5,30g,NG,NG,NG,NG,NG,NG,NG,NG,NG,OK*1,？,NG,？,OK*2,NG,NG,NG,NG,NG,NG,？,？,？,？,？,NG,？,？,NG,NG,NG,NG,NG,OK,OK,OK,OK,OK,OK,OK,OK,OK,OK,OK,OK,OK,OK,OK,？,NG,NG,NG,NG,NG,NG,NG,NG,NG,NG,NG,OK*3,NG,NG,NG,NG,OK*3,NG,NG,NG,NG,NG
バレーヒル,スクイッドシーカー 3.0号,23g,OK,OK,OK,OK,NG,NG,NG,NG,NG,OK*1,OK*5,OK*3,OK*5,OK*1,OK,OK,NG,NG,NG,NG,？,？,？,？,？,OK*3,？,？,OK,OK,OK,OK,OK,NG,NG,NG,NG,NG,NG,NG,？,？,NG,？,？,？,？,？,OK,OK,OK,OK,OK,OK,OK,OK,OK,OK,OK,OK,OK,OK,OK,OK*1,NG,OK,OK,NG,NG,NG,NG
バレーヒル,スクイッドシーカー 3.5号,30g,OK,OK,OK,OK,OK,OK,OK,OK,NG,OK*1,OK*5,OK*1,OK*5,OK*1,OK,OK,OK,OK,OK,OK,？,？,？,？,？,OK*3,？,？,OK,OK,OK,OK,OK,NG,NG,NG,NG,NG,NG,NG,？,？,OK*2,？,？,？,？,？,OK,OK,OK,OK,OK,OK,OK,OK,OK,OK,OK,OK,OK,OK,OK,OK,OK,OK,OK*2,OK*2,OK*2,OK*2,OK*2
バレーヒル,スクイッドシーカーL 3.5号,23g,OK,OK,OK,OK,OK,OK,OK,OK,NG,OK*1,OK*5,OK*3,OK*5,OK*1,OK,OK,OK,OK,OK,OK,？,？,？,？,？,OK*3,？,？,OK,OK,OK,OK,OK,NG,NG,NG,NG,NG,NG,NG,？,？,OK*1,？,？,？,？,？,OK,OK,OK,OK,OK,OK,OK,OK,OK,OK,OK,OK,OK,OK,OK,OK,OK,OK,OK,OK,OK,OK,OK
シマノ,セフィア アントラージュ シーグル 3.5号　S0,25g,NG,NG,NG,NG,NG,NG,NG,NG,NG,NG,NG*4,NG,NG*4,NG,NG,NG,NG,NG,NG,NG,？,？,？,？,？,OK*2,？,？,NG,NG,NG*4,NG,NG,NG,NG,NG,NG,NG,NG,NG,NG*4,NG*4,NG,NG*4,NG*4,NG*4,NG*4,NG*4,NG,NG,NG,NG,NG,OK,OK,OK,OK,OK,OK,OK,NG,NG,NG,NG,NG,NG,NG,NG,NG,NG,NG
シマノ,セフィア アントラージュ シーグル 3.5号　S1,28g,OK,OK,OK,OK*1,OK*1,OK*1,OK,OK*1,OK,NG,NG*4,NG,？,OK*3,OK,OK*1,OK*3,NG,OK*3,OK*3,？,？,？,？,？,NG,？,？,OK,OK,OK,OK,OK,NG,OK*3,OK*3,NG,NG,NG,NG,？,？,NG,？,？,？,？,？,？,OK*3,OK,OK,OK,OK*3,OK,OK,OK,OK*1,OK,OK,OK,OK,OK,OK,OK,NG,OK,OK,OK,OK,OK
シマノ,セフィア アントラージュ シーグル 3.5号　S2,35g,OK*3,OK*3,OK*3,OK*1,OK*1,OK*3,OK*3,OK*3,OK,NG,NG*4,NG,？,OK*3,NG,NG,NG,NG,OK,OK,？,？,？,？,？,NG,？,？,OK*1,OK*1,OK*1,OK*1,OK*1,OK*1,OK*3,OK*1,NG,NG,NG,NG,？,？,NG,？,？,？,？,？,？,OK*1,OK,OK,OK*3,OK*3,OK,OK,OK,OK*3,OK,OK*3,OK*1,OK,OK*1,OK*3,OK*1,NG,OK*1,OK*1,OK*1,OK,OK
シマノ,セフィア アントラージュ シーグル 3.5号　S3,43g,OK,OK,OK*1,OK*1,OK*3,OK*3,OK*3,OK,NG,NG,NG*4,NG,？,OK*1,NG,NG,NG,OK*3,OK,OK,？,？,？,？,？,NG,？,？,OK,OK,OK,OK,OK*1,OK*3,OK*3,OK*3,NG,OK*3,NG,NG,？,？,NG,？,？,？,？,？,？,OK,OK,OK,OK,OK*1,OK,OK,OK,OK,OK*3,NG,OK*3,OK,OK,OK,OK,NG,OK,OK,OK,OK,OK
シマノ,アントラージュ 3.0号,21g,OK,OK,OK,OK,OK,OK,OK,OK,OK,NG,？,OK*1,OK*5,OK*1,OK,OK,OK,NG,OK*2,OK*2,？,？,？,？,OK,OK,？,？,OK,OK,OK,OK,OK,NG,NG,NG,NG,NG,NG,NG,？,？,NG,？,？,？,？,？,？,OK*1,OK,OK,OK,OK,OK,OK,OK,OK,OK,OK,OK,OK,OK,OK,OK,NG,OK,OK,OK,OK,OK
ハリミツ,墨族BB,30g,OK,OK,OK,OK,OK,OK,OK,OK,OK,OK*1,OK*5,OK*1,OK*5,OK*1,OK,OK,OK,OK,OK,OK,？,？,？,？,？,OK,？,？,OK,OK,OK,OK,OK,OK*3,OK*3,NG,NG,NG,NG,NG,？,？,OK*1,？,？,？,？,？,？,OK,OK,OK,OK,OK,OK,OK,OK,OK,OK,OK,OK*1,OK,OK,OK,OK,NG,OK,OK,OK,OK,OK
ハリミツ,墨族BB,40g,NG,NG,NG,NG,NG,NG,NG,NG*4,NG,OK*1,OK*5,OK,OK*5,OK,OK,NG,NG,NG,NG,NG,？,？,？,？,？,OK,？,？,OK,OK,OK,OK,NG,OK*1,OK*1,NG,OK,OK,OK,OK*2,？,？,OK,？,？,？,？,？,？,OK,OK,OK,OK,OK,OK,OK,OK,OK,OK,OK,NG,NG,NG,NG,NG,NG,OK,OK*2,NG,NG,NG
キーストン,デイブレイク 3.3号,35g,OK,OK,OK,OK,OK,OK,OK,OK,NG,OK*3,OK*5,OK*3,OK*5,OK*3,OK,OK,OK,OK*2,OK,OK,？,？,？,？,？,OK,？,？,OK,OK,OK,OK,OK,NG,OK*3,OK*1,NG,NG,NG,NG,？,？,OK*1,？,？,？,？,？,？,OK,OK,OK,OK,OK,OK,OK,OK,OK,OK,OK,OK,OK,OK,OK,OK,NG,OK,OK,OK,OK,OK
キーストン,ジェットチェイサー 2.5号,20g,OK,OK,OK,OK,OK,OK,OK,OK,NG,NG,NG,OK,OK,OK,OK,OK,OK,NG,OK,OK,？,？,？,？,OK,OK,？,？,OK,OK,OK,OK,OK,OK*3,OK*3,OK*3,NG,NG,NG,NG,？,？,OK*3,？,？,？,？,？,OK,OK,OK,OK,OK,OK,OK,OK,OK,OK,OK,OK,OK,OK,OK,OK,OK,NG,OK,OK,OK,OK,OK
キーストン,ジェットチェイサー 2.6号,22g,OK,OK,OK,OK,OK,OK,OK,OK,NG,NG,OK,OK,OK,OK,OK,OK,OK,NG,NG,NG,？,？,？,？,OK,OK,？,？,OK,OK,OK,OK,OK,OK*3,OK*3,OK*3,OK*3,OK*3,NG,NG,？,？,OK*3,？,？,？,？,？,OK,OK,OK,OK,OK,OK,OK,OK,OK,OK,OK,OK,OK,OK,OK,OK,OK,NG,OK,OK,OK,OK,OK
キザクラ,エギボー 3.0号,25g,OK,OK,OK,OK,OK,OK,OK,OK,NG,OK*1,OK*5,OK,OK*5,OK,OK,OK,OK,NG,NG,NG,？,？,？,？,？,OK,？,？,OK,OK,OK,OK,OK,OK*1,OK*1,OK*1,OK*1,OK*1,OK*1,OK*1,？,？,OK*1,？,？,？,？,？,？,OK,OK,OK,OK,OK,OK,OK,OK,OK,OK,OK,OK,OK,OK,OK,OK,OK*3,OK,OK,OK,OK,OK
キザクラ,エギボー 3.5号,30g,OK,OK,OK,OK,OK,OK,OK,OK,NG,OK*1,OK*5,OK*1,OK*5,OK,OK,OK,OK,OK,OK,OK,？,？,？,？,？,OK,？,？,OK,OK,OK,OK,OK,OK*3,OK*1,OK*1,OK*1,OK*1,OK*1,OK*1,？,？,OK*1,？,？,？,？,？,？,OK,OK,OK,OK,OK,OK,OK,OK,OK,OK,OK,OK,OK,OK,OK,OK,OK*1,OK,OK,OK,O5,OK
スクイッドマニア,ワイルドチェイス B-TR 2.5号,15g,OK,OK,OK,OK,OK,OK,OK,OK,OK,OK,OK*5,OK*1,OK*5,OK*1,OK,OK,OK,NG,OK,OK,？,？,？,？,OK,OK,？,？,OK,OK,OK,OK,OK,OK*1,OK*1,OK*1,OK*1,OK*1,NG,NG,？,？,OK*1,？,？,？,？,？,？,OK,OK,OK,OK,OK,OK,OK,OK,OK,OK,OK,OK,OK,OK,OK,OK,OK,OK,OK,OK,OK,OK
スクイッドマニア,ワイルドチェイス B-TR 3.0号,25g,OK,OK,OK,OK,OK,OK,OK,OK,OK*2,OK,OK*5,OK,OK*5,OK*1,NG,NG,NG,NG,NG,NG,？,？,？,？,OK,OK,？,？,OK,OK,OK,OK,OK,OK*1,OK*1,OK*1,OK*1,OK*1,NG,NG,？,？,OK*1,？,？,？,？,？,？,OK,OK,OK,OK,OK,OK,OK,OK,OK,OK,OK,OK,OK*2,OK*2,OK*2,OK*2,OK,OK,OK,OK,OK,OK
スクイッドマニア,ワイルドチェイス B-TR 3.5号,30g,OK,OK,OK,OK,OK,OK,OK,OK,OK*2,OK*1,OK*5,OK*1,OK*5,OK,NG,NG,NG,NG,OK*2,OK*2,？,？,？,？,OK,OK,？,？,OK,OK,OK,OK,OK,OK*1,OK*1,OK*1,OK*1,OK*1,OK*1,NG,？,？,OK*1,？,？,？,？,？,？,OK,OK,OK,OK,OK,OK,OK,OK,OK,OK,OK,NG,NG,NG,NG,NG,OK,OK,OK,OK,OK,OK
OGK,烏賊墨TR,35g,NG,NG,NG,NG,NG,NG,NG,NG,OK*2,OK*6,？,OK,？,OK*3,NG,NG,NG,NG,NG,NG,？,？,？,？,OK*3,OK,？,？,OK,OK,OK,OK,OK,OK,OK,OK*1,OK,OK,OK,OK,？,？,OK,？,？,？,？,？,？,OK,OK,OK,OK,OK,OK,OK,OK,OK,OK,OK,NG,NG,NG,NG,NG,NG,OK,NG,NG,NG,NG
OGK,烏賊墨TR,45g,NG,NG,NG,NG,NG,NG,NG,NG,NG,OK*6,？,OK,？,NG,NG,NG,NG,NG,NG,NG,？,？,？,？,OK,OK,？,？,OK*2,OK,OK*2,OK*2,OK*2,OK,OK,OK,OK,OK,OK,OK,？,？,OK,？,？,？,？,？,？,NG,0,NG,OK*2,NG,NG,NG,NG,OK,OK,OK,NG,NG,NG,NG,NG,NG,NG,NG,NG,NG,NG
釣研,エギスタTR 3.5号,30g,OK,OK,OK,OK,OK,OK,OK,OK,OK,OK,OK*5,OK,OK*5,OK,OK,OK,OK,NG,OK,OK,？,？,？,？,OK,OK,？,？,OK,OK,OK,OK,OK,OK*1,OK*1,NG,NG,NG,NG,NG,？,？,OK*1,？,？,？,？,？,？,OK*1,OK,OK,OK,OK,OK,OK,OK,OK,OK,OK,OK,OK,OK,OK,OK,OK,OK,OK,OK,OK,OK
ジャッカル,ゲキダキTR 2.5号,18g,OK,OK,OK,OK,OK,OK,OK,OK,OK,OK,OK*5,OK,OK*5,OK,OK,OK,OK,OK,OK,OK,？,？,？,？,OK,OK,？,？,OK,OK,OK,OK,OK,OK*1,OK*1,OK*1,OK*1,OK*3,OK*3,OK*3,？,？,OK*1,？,？,？,？,？,？,OK,OK,OK,OK,OK,OK,OK,OK,OK,OK,OK,OK,OK,OK,OK,OK,NG,OK,OK,OK,OK,OK
ジャッカル,ゲキダキTR 3.0号,24g,OK,OK,OK,OK,OK,OK,OK,OK,OK,OK*1,OK*5,OK*1,OK*5,OK,OK,OK,OK,NG,OK,OK,？,？,？,？,OK*1,OK,？,？,OK,OK,OK,OK,OK,OK*1,OK*3,OK*3,OK*3,OK*3,OK*3,OK*3,？,？,OK*1,？,？,？,？,？,？,OK,OK,OK,OK,OK,OK,OK,OK,OK,OK,OK,OK,OK,OK,OK,OK,OK,OK,OK,OK,OK,OK
ジャッカル,ゲキダキTR 3.5号,30g,OK,OK,OK,OK,OK,OK,OK,OK,OK,OK*1,OK*5,OK*1,OK*5,OK,OK,OK,OK,NG,OK,OK,？,？,？,？,OK,OK,？,？,OK,OK,OK,OK,OK,OK*3,OK*3,OK*3,OK*3,OK*3,OK*3,OK*3,？,？,OK*1,？,？,？,？,？,？,OK,OK,OK,OK,OK,OK,OK,OK,OK,OK,OK,OK,OK,OK,OK,OK,OK,OK,OK,OK,OK,OK
ウロコ,ウロコロUTR 3.5号,30g,NG,NG,NG,NG,NG,NG,NG,NG,OK,OK,OK,OK,OK,OK,NG,NG,NG,NG,NG,NG,？,？,？,？,NG,NG,？,？,NG,NG,NG,NG,NG,OK,OK,OK,OK,OK,OK,OK,？,？,OK,？,？,？,？,？,NG,NG,NG,NG,NG,OK,OK,OK,OK,OK,OK,OK,NG,NG,NG,NG,NG,OK,NG,NG,NG,NG,NG
アクアウェーブ,アオリクスTR 3.5号,30g,OK,OK,OK,OK,OK,OK,OK,OK,NG,OK,OK,OK,OK,OK,OK,OK,NG,NG,OK,NG,？,？,？,？,OK*1,OK,？,？,OK,OK,OK,OK,OK,OK*3,OK*3,OK*3,OK*3,OK*3,OK*3,OK*3,？,？,OK*3,？,？,？,？,？,OK,OK,OK,OK,OK,OK,OK,OK,OK,OK,OK,OK,OK,OK,OK,OK,OK,OK,OK,OK,OK,OK,OK
アクアウェーブ,アオリクスTR 3.5号,50g,OK,OK,OK,NG,NG,NG,NG,NG,NG,OK,OK,OK,OK,OK,NG,NG,NG,NG,NG,NG,？,？,？,？,OK,OK,？,？,OK,NG,NG,NG,NG,OK,OK,OK,OK*3,OK*3,OK*3,OK*3,？,？,OK,？,？,？,？,？,OK,OK,OK,OK,OK,OK,OK,OK,OK,OK,OK,NG,OK,OK,NG,NG,NG,OK,NG,NG,NG,NG,NG